Workbook

Sheet Sheet1
A1: loan_key | B1: nid | C1: No. of Loans | D1: customer_name | E1: customer_key | F1: Bucket Was | G1: Bucket Is | H1: Type | I1: Owner | J1: Outstanding Principal | K1: Receivables Outstanding | L1: OVD | M1: PMT | N1: Agency Payment | O1: Date of Payment | P1: collector | Q1: code | R1: s.v | S1: code | T1: head | U1: code
A2: 1000263501 | B2: 29911112301196 | C2: 2 | D2: عبد الرحمن عيد علي عبد القوي | E2: 10002635 | F2: Charged-off | G2: Charged-off | H2: W.O | I2: Qima | J2: 7056030 | K2: 14808521 | L2: 2467381 | M2: 251860 | N2: 0 | P2: قيمه | R2: رحاب عبد الهادى احمد بدوى | S2: 54 | T2: محمود النادى أبو الحسن احمد | U2: 31
A3: 1000248701 | B3: 28706073200232 | C3: 2 | D3: مصطفي امين زيدان عبد العال | E3: 10002487 | F3: Bucket 5 | G3: Bucket 5 | H3: Active | I3: Qima | J3: 3967150 | K3: 7929169 | L3: 832744 | M3: 144825 | N3: 0 | P3: قيمه | R3: رحاب عبد الهادى احمد بدوى | S3: 54 | T3: محمود النادى أبو الحسن احمد | U3: 31
A4: 1000942701 | B4: 28003040100142 | C4: 2 | D4: كريستين سعيد جيد جرجس | E4: 10009427 | F4: Bucket 4 | G4: Bucket 4 | H4: Active | I4: Qima | J4: 1062270 | K4: 2136139 | L4: 173204 | M4: 38490 | N4: 0 | P4: قيمه | R4: رحاب عبد الهادى احمد بدوى | S4: 54 | T4: محمود النادى أبو الحسن احمد | U4: 31
A5: 1000263502 | B5: 29911112301196 | C5: 2 | D5: عبد الرحمن عيد علي عبد القوي | E5: 10002635 | F5: Charged-off | G5: Charged-off | H5: W.O | I5: Qima | J5: 195160 | K5: 286905 | L5: 262000 | M5: 24905 | N5: 0 | P5: قيمه | R5: رحاب عبد الهادى احمد بدوى | S5: 54 | T5: محمود النادى أبو الحسن احمد | U5: 31
A6: 1000346001 | B6: 29109150107114 | C6: 1 | D6: محمد عيد صالح محمود | E6: 10003460 | F6: Bucket 2 | G6: Bucket 2 | H6: Active | I6: Qima | J6: 166455 | K6: 273285 | L6: 20695 | M6: 9715 | N6: 0 | P6: ياسمين محمد رشاد الشحات | Q6: 732 | R6: رحاب عبد الهادى احمد بدوى | S6: 54 | T6: محمود النادى أبو الحسن احمد | U6: 31
A7: 1000029802 | B7: 27906262601634 | C7: 2 | D7: رجب خطاب فاضل محمد | E7: 10000298 | F7: Bucket 3 | G7: Current | H7: Active | I7: Qima | J7: 162230 | K7: 264590 | L7: 37055 | M7: 10835 | N7: 37055 | O7: 45955 | P7: ياسمين محمد رشاد الشحات | Q7: 732 | R7: رحاب عبد الهادى احمد بدوى | S7: 54 | T7: محمود النادى أبو الحسن احمد | U7: 31
A8: 1000248702 | B8: 28706073200232 | C8: 2 | D8: مصطفي امين زيدان عبد العال | E8: 10002487 | F8: Bucket 6 | G8: Bucket 6 | H8: Active | I8: Qima | J8: 155950 | K8: 201791 | L8: 176886 | M8: 24905 | N8: 0 | P8: قيمه | R8: رحاب عبد الهادى احمد بدوى | S8: 54 | T8: محمود النادى أبو الحسن احمد | U8: 31
A9: 1000025501 | B9: 29603121401822 | C9: 1 | D9: مريم محمد مصطفى محمود حمزة | E9: 10000255 | F9: Bucket 2 | G9: Bucket 2 | H9: Active | I9: Qima | J9: 155595 | K9: 237238 | L9: 22513 | M9: 10225 | N9: 0 | P9: مريم جابر إسماعيل | Q9: 772 | R9: رحاب عبد الهادى احمد بدوى | S9: 54 | T9: محمود النادى أبو الحسن احمد | U9: 31
A10: 1000456901 | B10: 29208011708403 | C10: 1 | D10: دينا حسام الدين محمد فرج حما | E10: 10004569 | F10: Bucket 5 | G10: Bucket 2 | H10: Active | I10: Qima | J10: 133380 | K10: 275489 | L10: 26864 | M10: 4875 | N10: 16110 | O10: 45949 | P10: ياسمين محمد رشاد الشحات | Q10: 732 | R10: رحاب عبد الهادى احمد بدوى | S10: 54 | T10: محمود النادى أبو الحسن احمد | U10: 31
A11: 1000839401 | B11: 29401201600352 | C11: 1 | D11: حماده سليمان رمضان ابراهيم الدش | E11: 10008394 | F11: Bucket 4 | G11: Bucket 4 | H11: Active | I11: Qima | J11: 132550 | K11: 248330 | L11: 23440 | M11: 5230 | N11: 0 | P11: ياسمين محمد رشاد الشحات | Q11: 732 | R11: رحاب عبد الهادى احمد بدوى | S11: 54 | T11: محمود النادى أبو الحسن احمد | U11: 31
A12: 1001016701 | B12: 28712031500171 | C12: 1 | D12: احمد فتوح عبدالعزيز احمد ابراهيم | E12: 10010167 | F12: Bucket 2 | G12: Bucket 2 | H12: Active | I12: Qima | J12: 120500 | K12: 197381 | L12: 12047 | M12: 5451 | N12: 0 | P12: ياسمين محمد رشاد الشحات | Q12: 732 | R12: رحاب عبد الهادى احمد بدوى | S12: 54 | T12: محمود النادى أبو الحسن احمد | U12: 31
A13: 1000033401 | B13: 27004210200573 | C13: 2 | D13: خالد على سعيد الديب | E13: 10000334 | F13: Bucket 2 | G13: Bucket 2 | H13: Active | I13: Qima | J13: 118620 | K13: 188697 | L13: 17967 | M13: 8130 | N13: 0 | P13: ياسمين محمد رشاد الشحات | Q13: 732 | R13: رحاب عبد الهادى احمد بدوى | S13: 54 | T13: محمود النادى أبو الحسن احمد | U13: 31
A14: 1000811001 | B14: 28609171600332 | C14: 1 | D14: احمد شعبان منير على يونس | E14: 10008110 | F14: Bucket 6 | G14: Bucket 6 | H14: Active | I14: Qima | J14: 106170 | K14: 191668 | L14: 48558 | M14: 6505 | N14: 0 | P14: ياسمين محمد رشاد الشحات | Q14: 732 | R14: رحاب عبد الهادى احمد بدوى | S14: 54 | T14: محمود النادى أبو الحسن احمد | U14: 31
A15: 1000942702 | B15: 28003040100142 | C15: 2 | D15: كريستين سعيد جيد جرجس | E15: 10009427 | F15: Bucket 4 | G15: Bucket 4 | H15: Active | I15: Qima | J15: 96570 | K15: 195452 | L15: 16497 | M15: 3510 | N15: 0 | P15: قيمه | R15: رحاب عبد الهادى احمد بدوى | S15: 54 | T15: محمود النادى أبو الحسن احمد | U15: 31
A16: 1000431501 | B16: 29006260300072 | C16: 3 | D16: وليد كمال صبحي احمد عبدالله | E16: 10004315 | F16: Bucket 4 | G16: Bucket 4 | H16: Active | I16: Qima | J16: 95484 | K16: 176094 | L16: 26109 | M16: 5555 | N16: 0 | P16: مريم جابر إسماعيل | Q16: 772 | R16: رحاب عبد الهادى احمد بدوى | S16: 54 | T16: محمود النادى أبو الحسن احمد | U16: 31
A17: 1000418801 | B17: 27106032101776 | C17: 1 | D17: محمود احمد محمد سرحان | E17: 10004188 | F17: Bucket 4 | G17: Bucket 2 | H17: Active | I17: Qima | J17: 89305 | K17: 121394 | L17: 44434 | M17: 9620 | N17: 24200 | O17: 45961 | P17: مريم جابر إسماعيل | Q17: 772 | R17: رحاب عبد الهادى احمد بدوى | S17: 54 | T17: محمود النادى أبو الحسن احمد | U17: 31
A18: 1000139901 | B18: 28211270105501 | C18: 1 | D18: مهجه جاد محمد عبداللطيف | E18: 10001399 | F18: Bucket 6 | G18: Bucket 6 | H18: Active | I18: Qima | J18: 83310 | K18: 130051 | L18: 49831 | M18: 6685 | N18: 0 | P18: كريمه هانى | R18: رحاب عبد الهادى احمد بدوى | S18: 54 | T18: محمود النادى أبو الحسن احمد | U18: 31
A19: 1000558501 | B19: 28610151802069 | C19: 2 | D19: هبه محمود فتح الله عبد اللطيف | E19: 10005585 | F19: Bucket 6 | G19: Bucket 6 | H19: Active | I19: Qima | J19: 82385 | K19: 153832 | L19: 31112 | M19: 4720 | N19: 0 | P19: ياسمين محمد رشاد الشحات | Q19: 732 | R19: رحاب عبد الهادى احمد بدوى | S19: 54 | T19: محمود النادى أبو الحسن احمد | U19: 31
A20: 1000863001 | B20: 27508311500037 | C20: 1 | D20: وليد محمد محمد نوار | E20: 10008630 | F20: Bucket 2 | G20: Current | H20: Active | I20: Qima | J20: 81100 | K20: 131334 | L20: 11984 | M20: 5425 | N20: 11984 | O20: 45959 | P20: مريم جابر إسماعيل | Q20: 772 | R20: رحاب عبد الهادى احمد بدوى | S20: 54 | T20: محمود النادى أبو الحسن احمد | U20: 31
A21: 1000278301 | B21: 28101300100399 | C21: 1 | D21: احمد اسماعيل توفيق حسين | E21: 10002783 | F21: Bucket 4 | G21: Bucket 2 | H21: Active | I21: Qima | J21: 79357 | K21: 112350 | L21: 25445 | M21: 6685 | N21: 11200 | O21: 45960 | P21: ياسمين محمد رشاد الشحات | Q21: 732 | R21: رحاب عبد الهادى احمد بدوى | S21: 54 | T21: محمود النادى أبو الحسن احمد | U21: 31
A22: 1000002201 | B22: 28205200105211 | C22: 1 | D22: عادل ماهر فهيم حنا | E22: 10000022 | F22: Bucket 2 | G22: Bucket 2 | H22: Active | I22: Qima | J22: 79065 | K22: 125905 | L22: 11980 | M22: 5425 | N22: 6000 | O22: 45956 | P22: ياسمين محمد رشاد الشحات | Q22: 732 | R22: رحاب عبد الهادى احمد بدوى | S22: 54 | T22: محمود النادى أبو الحسن احمد | U22: 31
A23: 1000775001 | B23: 29610231701135 | C23: 1 | D23: عبدالله علاء الدين ممد عبد المنصف خلف | E23: 10007750 | F23: Bucket 2 | G23: Bucket 2 | H23: Active | I23: Qima | J23: 77265 | K23: 116248 | L23: 5848 | M23: 2760 | N23: 0 | P23: مريم جابر إسماعيل | Q23: 772 | R23: رحاب عبد الهادى احمد بدوى | S23: 54 | T23: محمود النادى أبو الحسن احمد | U23: 31
A24: 1000144401 | B24: 26604031400351 | C24: 2 | D24: حسني عبدالرؤوف حسين علي | E24: 10001444 | F24: Charged-off | G24: Charged-off | H24: W.O | I24: Qima | J24: 74139 | K24: 115334 | L24: 49939 | M24: 5945 | N24: 0 | P24: كريمه هانى | R24: رحاب عبد الهادى احمد بدوى | S24: 54 | T24: محمود النادى أبو الحسن احمد | U24: 31
A25: 1000845402 | B25: 27106201402063 | C25: 2 | D25: أمانى ابراهيم ابو الخير عبدالله | E25: 10008454 | F25: Bucket 4 | G25: Bucket 3 | H25: Active | I25: Qima | J25: 73725 | K25: 121076 | L25: 15521 | M25: 3405 | N25: 5817 | O25: 45953 | P25: مريم جابر إسماعيل | Q25: 772 | R25: رحاب عبد الهادى احمد بدوى | S25: 54 | T25: محمود النادى أبو الحسن احمد | U25: 31
A26: 1000114401 | B26: 29109120101839 | C26: 1 | D26: مصطفي محمد رضوان حسانين | E26: 10001144 | F26: Bucket 4 | G26: Bucket 3 | H26: Active | I26: Qima | J26: 72380 | K26: 140620 | L26: 12740 | M26: 2780 | N26: 3600 | O26: 45937 | P26: مريم جابر إسماعيل | Q26: 772 | R26: رحاب عبد الهادى احمد بدوى | S26: 54 | T26: محمود النادى أبو الحسن احمد | U26: 31
A27: 1000558502 | B27: 28610151802069 | C27: 2 | D27: هبه محمود فتح الله عبد اللطيف | E27: 10005585 | F27: Bucket 6 | G27: Bucket 6 | H27: Active | I27: Qima | J27: 69330 | K27: 91350 | L27: 80565 | M27: 10785 | N27: 0 | P27: ياسمين محمد رشاد الشحات | Q27: 732 | R27: رحاب عبد الهادى احمد بدوى | S27: 54 | T27: محمود النادى أبو الحسن احمد | U27: 31
A28: 1000448901 | B28: 26607062800674 | C28: 1 | D28: محمد يسري شعبان بحر حسن | E28: 10004489 | F28: Bucket 4 | G28: Bucket 3 | H28: Active | I28: Qima | J28: 69159 | K28: 124184 | L28: 14294 | M28: 4070 | N28: 400 | O28: 45961 | P28: سلمي يونس محمد | Q28: 763 | R28: رحاب عبد الهادى احمد بدوى | S28: 54 | T28: محمود النادى أبو الحسن احمد | U28: 31
A29: 1000125101 | B29: 27609080101062 | C29: 1 | D29: سيده فرج الله بلال مرسال | E29: 10001251 | F29: Bucket 5 | G29: Bucket 5 | H29: Active | I29: Qima | J29: 68895 | K29: 138195 | L29: 15760 | M29: 2605 | N29: 0 | P29: كريمه هانى | R29: رحاب عبد الهادى احمد بدوى | S29: 54 | T29: محمود النادى أبو الحسن احمد | U29: 31
A30: 1000408601 | B30: 28107111701576 | C30: 1 | D30: محمد نبيل عبدالعزيز شعبان | E30: 10004086 | F30: Bucket 4 | G30: Bucket 4 | H30: Active | I30: Qima | J30: 63183 | K30: 111894 | L30: 13094 | M30: 3800 | N30: 0 | P30: ياسمين محمد رشاد الشحات | Q30: 732 | R30: رحاب عبد الهادى احمد بدوى | S30: 54 | T30: محمود النادى أبو الحسن احمد | U30: 31
A31: 1000662502 | B31: 27601211301011 | C31: 2 | D31: صبري احمد ابراهيم ابراهيم | E31: 10006625 | F31: Bucket 2 | G31: Bucket 2 | H31: Active | I31: Qima | J31: 60670 | K31: 80027 | L31: 10277 | M31: 4650 | N31: 0 | P31: مريم جابر إسماعيل | Q31: 772 | R31: رحاب عبد الهادى احمد بدوى | S31: 54 | T31: محمود النادى أبو الحسن احمد | U31: 31
A32: 1000662501 | B32: 27601211301011 | C32: 2 | D32: صبري احمد ابراهيم ابراهيم | E32: 10006625 | F32: Bucket 2 | G32: Bucket 2 | H32: Active | I32: Qima | J32: 60670 | K32: 79699 | L32: 9949 | M32: 4650 | N32: 0 | P32: مريم جابر إسماعيل | Q32: 772 | R32: رحاب عبد الهادى احمد بدوى | S32: 54 | T32: محمود النادى أبو الحسن احمد | U32: 31
A33: 1000736101 | B33: 27007211400559 | C33: 1 | D33: ايهاب سعد اسماعيل متولي | E33: 10007361 | F33: Bucket 4 | G33: Bucket 4 | H33: Active | I33: Qima | J33: 60646 | K33: 93487 | L33: 7387 | M33: 2100 | N33: 0 | P33: مريم جابر إسماعيل | Q33: 772 | R33: رحاب عبد الهادى احمد بدوى | S33: 54 | T33: محمود النادى أبو الحسن احمد | U33: 31
A34: 1000728501 | B34: 28111158800073 | C34: 1 | D34: هاني مصطفى محمود على الجيزاوى | E34: 10007285 | F34: Bucket 3 | G34: Bucket 1 | H34: Active | I34: Qima | J34: 60385 | K34: 91152 | L34: 5152 | M34: 2150 | N34: 3000 | O34: 45942 | P34: سلمي يونس محمد | Q34: 763 | R34: رحاب عبد الهادى احمد بدوى | S34: 54 | T34: محمود النادى أبو الحسن احمد | U34: 31
A35: 1000938001 | B35: 28408048800054 | C35: 1 | D35: شريف فتحي نعيم السيد | E35: 10009380 | F35: Charged-off | G35: Charged-off | H35: W.O | I35: Qima | J35: 59905 | K35: 92546 | L35: 45627 | M35: 5215 | N35: 0 | P35: كريمه هانى | R35: رحاب عبد الهادى احمد بدوى | S35: 54 | T35: محمود النادى أبو الحسن احمد | U35: 31
A36: 1000403201 | B36: 27306172800908 | C36: 1 | D36: لمياء هاشم محمود احمد ابوصادق | E36: 10004032 | F36: Bucket 6 | G36: Bucket 6 | H36: Active | I36: Qima | J36: 54040 | K36: 113372 | L36: 14372 | M36: 1980 | N36: 0 | P36: ياسمين محمد رشاد الشحات | Q36: 732 | R36: رحاب عبد الهادى احمد بدوى | S36: 54 | T36: محمود النادى أبو الحسن احمد | U36: 31
A37: 1000000901 | B37: 27206112100406 | C37: 1 | D37: هدي سلامه سعيد ناصر | E37: 10000009 | F37: Bucket 2 | G37: Bucket 2 | H37: Active | I37: Qima | J37: 53635 | K37: 68140 | L37: 14660 | M37: 6685 | N37: 0 | P37: ياسمين محمد رشاد الشحات | Q37: 732 | R37: رحاب عبد الهادى احمد بدوى | S37: 54 | T37: محمود النادى أبو الحسن احمد | U37: 31
A38: 1000222401 | B38: 29502028801038 | C38: 2 | D38: عادل خضر محمد ابو عزيزة | E38: 10002224 | F38: Bucket 4 | G38: Bucket 4 | H38: Active | I38: Qima | J38: 53070 | K38: 93562 | L38: 15322 | M38: 3260 | N38: 0 | P38: ياسمين محمد رشاد الشحات | Q38: 732 | R38: رحاب عبد الهادى احمد بدوى | S38: 54 | T38: محمود النادى أبو الحسن احمد | U38: 31
A39: 1000222402 | B39: 29502028801038 | C39: 2 | D39: عادل خضر محمد ابو عزيزة | E39: 10002224 | F39: Bucket 4 | G39: Bucket 4 | H39: Active | I39: Qima | J39: 53070 | K39: 93499 | L39: 15259 | M39: 3260 | N39: 0 | P39: ياسمين محمد رشاد الشحات | Q39: 732 | R39: رحاب عبد الهادى احمد بدوى | S39: 54 | T39: محمود النادى أبو الحسن احمد | U39: 31
A40: 1000132201 | B40: 29111270200678 | C40: 1 | D40: عمر عصام محمد جلال بيومي فرغلي | E40: 10001322 | F40: Bucket 5 | G40: Bucket 5 | H40: Active | I40: Qima | J40: 53070 | K40: 92478 | L40: 17498 | M40: 3260 | N40: 0 | P40: مريم جابر إسماعيل | Q40: 772 | R40: رحاب عبد الهادى احمد بدوى | S40: 54 | T40: محمود النادى أبو الحسن احمد | U40: 31
A41: 1000047803 | B41: 28303100101201 | C41: 2 | D41: اميره حافظ محمد موسى | E41: 10000478 | F41: Bucket 3 | G41: Bucket 3 | H41: Active | I41: Qima | J41: 52730 | K41: 71798 | L41: 18298 | M41: 5350 | N41: 0 | P41: ياسمين محمد رشاد الشحات | Q41: 732 | R41: رحاب عبد الهادى احمد بدوى | S41: 54 | T41: محمود النادى أبو الحسن احمد | U41: 31
A42: 1000048202 | B42: 27311071402417 | C42: 2 | D42: وليد عبد الله جوده عبد المطلب | E42: 10000482 | F42: Bucket 5 | G42: Bucket 5 | H42: Active | I42: Qima | J42: 51350 | K42: 73370 | L42: 26570 | M42: 4680 | N42: 0 | P42: كريمه هانى | R42: رحاب عبد الهادى احمد بدوى | S42: 54 | T42: محمود النادى أبو الحسن احمد | U42: 31
A43: 1000346401 | B43: 28305101300308 | C43: 1 | D43: سالي محمد انور عبدالحليم | E43: 10003464 | F43: Bucket 5 | G43: Bucket 5 | H43: Active | I43: Qima | J43: 51270 | K43: 95547 | L43: 17807 | M43: 2990 | N43: 0 | P43: سلمي يونس محمد | Q43: 763 | R43: رحاب عبد الهادى احمد بدوى | S43: 54 | T43: محمود النادى أبو الحسن احمد | U43: 31
A44: 1000265301 | B44: 27103312800191 | C44: 1 | D44: محمد دردير سليمان محمود | E44: 10002653 | F44: Bucket 6 | G44: Bucket 5 | H44: Active | I44: Qima | J44: 51210 | K44: 71458 | L44: 38338 | M44: 5520 | N44: 5000 | O44: 45947 | P44: كريمه هانى | R44: رحاب عبد الهادى احمد بدوى | S44: 54 | T44: محمود النادى أبو الحسن احمد | U44: 31
A45: 1000872701 | B45: 28001080104539 | C45: 2 | D45: تامر اسامه على كمال عبدالحفيظ | E45: 10008727 | F45: Bucket 6 | G45: Current | H45: Active | I45: Qima | J45: 50955 | K45: 89276 | L45: 24076 | M45: 3260 | N45: 23675 | O45: 45961 | P45: ياسمين محمد رشاد الشحات | Q45: 732 | R45: رحاب عبد الهادى احمد بدوى | S45: 54 | T45: محمود النادى أبو الحسن احمد | U45: 31
A46: 1000798301 | B46: 29105043400296 | C46: 1 | D46: عمار محمد عادل محمد فايد | E46: 10007983 | F46: Bucket 6 | G46: Bucket 4 | H46: Active | I46: Qima | J46: 49266 | K46: 60443 | L46: 34768 | M46: 5135 | N46: 16000 | O46: 45949 | P46: ياسمين محمد رشاد الشحات | Q46: 732 | R46: رحاب عبد الهادى احمد بدوى | S46: 54 | T46: محمود النادى أبو الحسن احمد | U46: 31
A47: 1000714401 | B47: 28004091800994 | C47: 1 | D47: حسام خليل عطاالله المزين | E47: 10007144 | F47: Charged-off | G47: Charged-off | H47: W.O | I47: Qima | J47: 48386 | K47: 70520 | L47: 23240 | M47: 2955 | N47: 0 | P47: مريم جابر إسماعيل | Q47: 772 | R47: رحاب عبد الهادى احمد بدوى | S47: 54 | T47: محمود النادى أبو الحسن احمد | U47: 31
A48: 1000734401 | B48: 26804181701218 | C48: 2 | D48: ايمن هنداوي عبدالعزيز هنداوي | E48: 10007344 | F48: Bucket 3 | G48: Bucket 2 | H48: Active | I48: Qima | J48: 48015 | K48: 69136 | L48: 11776 | M48: 3585 | N48: 3853 | O48: 45947 | P48: مريم جابر إسماعيل | Q48: 772 | R48: رحاب عبد الهادى احمد بدوى | S48: 54 | T48: محمود النادى أبو الحسن احمد | U48: 31
A49: 1000358901 | B49: 28411250100456 | C49: 2 | D49: محمد عطيه امين محمد عطا | E49: 10003589 | F49: Charged-off | G49: Charged-off | H49: W.O | I49: Qima | J49: 47345 | K49: 91258 | L49: 23258 | M49: 2720 | N49: 0 | P49: ياسمين محمد رشاد الشحات | Q49: 732 | R49: رحاب عبد الهادى احمد بدوى | S49: 54 | T49: محمود النادى أبو الحسن احمد | U49: 31
A50: 1000072201 | B50: 27004050201837 | C50: 1 | D50: احمد عبدالسميع محمد حلاوة | E50: 10000722 | F50: Bucket 5 | G50: Bucket 5 | H50: Active | I50: Qima | J50: 47250 | K50: 62777 | L50: 37097 | M50: 6420 | N50: 0 | P50: سلمي يونس محمد | Q50: 763 | R50: رحاب عبد الهادى احمد بدوى | S50: 54 | T50: محمود النادى أبو الحسن احمد | U50: 31
A51: 1000726502 | B51: 27108241301611 | C51: 3 | D51: عماد عبده ابراهيم محمد | E51: 10007265 | F51: Charged-off | G51: Charged-off | H51: W.O | I51: Qima | J51: 46695 | K51: 76748 | L51: 27548 | M51: 3075 | N51: 0 | P51: كريمه هانى | R51: رحاب عبد الهادى احمد بدوى | S51: 54 | T51: محمود النادى أبو الحسن احمد | U51: 31
A52: 1000388901 | B52: 28510052601715 | C52: 1 | D52: محمود يونس جابر عبدالرحيم | E52: 10003889 | F52: Bucket 4 | G52: Bucket 4 | H52: Active | I52: Qima | J52: 45845 | K52: 83504 | L52: 12784 | M52: 2720 | N52: 0 | P52: كريمه هانى | R52: رحاب عبد الهادى احمد بدوى | S52: 54 | T52: محمود النادى أبو الحسن احمد | U52: 31
A53: 1000694901 | B53: 27608190201775 | C53: 1 | D53: مصطفى حسن على مصطفى | E53: 10006949 | F53: Bucket 4 | G53: Bucket 4 | H53: Active | I53: Qima | J53: 45585 | K53: 61329 | L53: 12429 | M53: 3260 | N53: 0 | P53: ياسمين محمد رشاد الشحات | Q53: 732 | R53: رحاب عبد الهادى احمد بدوى | S53: 54 | T53: محمود النادى أبو الحسن احمد | U53: 31
A54: 1000741201 | B54: 27309053100051 | C54: 1 | D54: محمد عبدالهادي حسين احمد | E54: 10007412 | F54: Bucket 4 | G54: Bucket 2 | H54: Active | I54: Qima | J54: 42241 | K54: 65327 | L54: 5057 | M54: 1470 | N54: 2030 | O54: 45956 | P54: مريم جابر إسماعيل | Q54: 772 | R54: رحاب عبد الهادى احمد بدوى | S54: 54 | T54: محمود النادى أبو الحسن احمد | U54: 31
A55: 1000184401 | B55: 29204071201892 | C55: 1 | D55: محمد رمضان احمدالنبوى عثمان نافع | E55: 10001844 | F55: Charged-off | G55: Charged-off | H55: W.O | I55: Qima | J55: 41545 | K55: 63107 | L55: 35177 | M55: 3990 | N55: 0 | P55: سلمي يونس محمد | Q55: 763 | R55: رحاب عبد الهادى احمد بدوى | S55: 54 | T55: محمود النادى أبو الحسن احمد | U55: 31
A56: 1000631401 | B56: 28608091300056 | C56: 1 | D56: رامي محمد صلاح السيد احمد | E56: 10006314 | F56: Charged-off | G56: Charged-off | H56: W.O | I56: Qima | J56: 41515 | K56: 71644 | L56: 22684 | M56: 2720 | N56: 0 | P56: كريمه هانى | R56: رحاب عبد الهادى احمد بدوى | S56: 54 | T56: محمود النادى أبو الحسن احمد | U56: 31
A57: 1000967101 | B57: 29801010123552 | C57: 1 | D57: مصطفى عماد عبد العزيز عريبه | E57: 10009671 | F57: Bucket 4 | G57: Bucket 2 | H57: Active | I57: Qima | J57: 41267 | K57: 60958 | L57: 11552 | M57: 3295 | N57: 7350 | O57: 45960 | P57: ياسمين محمد رشاد الشحات | Q57: 732 | R57: رحاب عبد الهادى احمد بدوى | S57: 54 | T57: محمود النادى أبو الحسن احمد | U57: 31
A58: 1000044101 | B58: 28003092100353 | C58: 1 | D58: محمد ماهر عبدالجواد عبدربه | E58: 10000441 | F58: Charged-off | G58: Charged-off | H58: W.O | I58: Qima | J58: 41255 | K58: 75619 | L58: 19269 | M58: 2450 | N58: 0 | P58: مريم جابر إسماعيل | Q58: 772 | R58: رحاب عبد الهادى احمد بدوى | S58: 54 | T58: محمود النادى أبو الحسن احمد | U58: 31
A59: 1000823002 | B59: 28308101300293 | C59: 2 | D59: احمد محمد عبدالحى عبدالهادي | E59: 10008230 | F59: Bucket 6 | G59: Bucket 6 | H59: Active | I59: Qima | J59: 40535 | K59: 68120 | L59: 19160 | M59: 2720 | N59: 0 | P59: كريمه هانى | R59: رحاب عبد الهادى احمد بدوى | S59: 54 | T59: محمود النادى أبو الحسن احمد | U59: 31
A60: 1000006801 | B60: 27508100101373 | C60: 2 | D60: سعد ابراهيم احمد عبدالله | E60: 10000068 | F60: Charged-off | G60: Charged-off | H60: W.O | I60: Qima | J60: 40045 | K60: 63473 | L60: 29973 | M60: 3350 | N60: 0 | P60: مريم جابر إسماعيل | Q60: 772 | R60: رحاب عبد الهادى احمد بدوى | S60: 54 | T60: محمود النادى أبو الحسن احمد | U60: 31
A61: 1000006802 | B61: 27508100101373 | C61: 2 | D61: سعد ابراهيم احمد عبدالله | E61: 10000068 | F61: Charged-off | G61: Charged-off | H61: W.O | I61: Qima | J61: 40045 | K61: 63518 | L61: 30018 | M61: 3350 | N61: 0 | P61: مريم جابر إسماعيل | Q61: 772 | R61: رحاب عبد الهادى احمد بدوى | S61: 54 | T61: محمود النادى أبو الحسن احمد | U61: 31
A62: 1000348501 | B62: 27904150202335 | C62: 2 | D62: محمد مصطفى مختار شحاته | E62: 10003485 | F62: Bucket 3 | G62: Current | H62: Active | I62: Qima | J62: 39785 | K62: 69159 | L62: 7909 | M62: 2450 | N62: 7909 | O62: 45944 | P62: ياسمين محمد رشاد الشحات | Q62: 732 | R62: رحاب عبد الهادى احمد بدوى | S62: 54 | T62: محمود النادى أبو الحسن احمد | U62: 31
A63: 1000692401 | B63: 28708170200533 | C63: 1 | D63: عمرو سعيد عبد المنعم اسماعيل | E63: 10006924 | F63: Charged-off | G63: Charged-off | H63: W.O | I63: Qima | J63: 39565 | K63: 59482 | L63: 35392 | M63: 4015 | N63: 0 | P63: سلمي يونس محمد | Q63: 763 | R63: رحاب عبد الهادى احمد بدوى | S63: 54 | T63: محمود النادى أبو الحسن احمد | U63: 31
A64: 1000823001 | B64: 28308101300293 | C64: 2 | D64: احمد محمد عبدالحى عبدالهادي | E64: 10008230 | F64: Bucket 5 | G64: Bucket 5 | H64: Active | I64: Qima | J64: 39515 | K64: 65416 | L64: 16456 | M64: 2720 | N64: 0 | P64: كريمه هانى | R64: رحاب عبد الهادى احمد بدوى | S64: 54 | T64: محمود النادى أبو الحسن احمد | U64: 31
A65: 1000206201 | B65: 27504101200761 | C65: 1 | D65: مني ابو مسلم زكي محمد | E65: 10002062 | F65: Charged-off | G65: Charged-off | H65: W.O | I65: Qima | J65: 39094 | K65: 71644 | L65: 17824 | M65: 2340 | N65: 0 | P65: كريمه هانى | R65: رحاب عبد الهادى احمد بدوى | S65: 54 | T65: محمود النادى أبو الحسن احمد | U65: 31
A66: 1000936701 | B66: 29006250101411 | C66: 3 | D66: هشام رضا سيد احمد الغزالي | E66: 10009367 | F66: Charged-off | G66: Charged-off | H66: W.O | I66: Qima | J66: 38884 | K66: 65745 | L66: 24592 | M66: 2745 | N66: 0 | P66: ياسمين محمد رشاد الشحات | Q66: 732 | R66: رحاب عبد الهادى احمد بدوى | S66: 54 | T66: محمود النادى أبو الحسن احمد | U66: 31
A67: 1000173901 | B67: 26911012501472 | C67: 1 | D67: عبدالعزيز لطفى مرسى على | E67: 10001739 | F67: Bucket 5 | G67: Bucket 5 | H67: Active | I67: Qima | J67: 38375 | K67: 56865 | L67: 20015 | M67: 3350 | N67: 0 | P67: ياسمين محمد رشاد الشحات | Q67: 732 | R67: رحاب عبد الهادى احمد بدوى | S67: 54 | T67: محمود النادى أبو الحسن احمد | U67: 31
A68: 1000766301 | B68: 28008202801028 | C68: 1 | D68: نيفين نبيل حفيظ تادرس | E68: 10007663 | F68: Bucket 5 | G68: Bucket 4 | H68: Active | I68: Qima | J68: 38215 | K68: 59355 | L68: 6755 | M68: 1315 | N68: 1315 | O68: 45959 | P68: مريم جابر إسماعيل | Q68: 772 | R68: رحاب عبد الهادى احمد بدوى | S68: 54 | T68: محمود النادى أبو الحسن احمد | U68: 31
A69: 1000267601 | B69: 27505071200261 | C69: 1 | D69: نيفين فؤاد عبد المسيح إبراهيم | E69: 10002676 | F69: Bucket 6 | G69: Bucket 6 | H69: Active | I69: Qima | J69: 37890 | K69: 72798 | L69: 16248 | M69: 2175 | N69: 0 | P69: سلمي يونس محمد | Q69: 763 | R69: رحاب عبد الهادى احمد بدوى | S69: 54 | T69: محمود النادى أبو الحسن احمد | U69: 31
A70: 1000797601 | B70: 28404221202014 | C70: 1 | D70: محمد فوزي عبد الحميد المشد | E70: 10007976 | F70: Bucket 4 | G70: Bucket 3 | H70: Active | I70: Qima | J70: 37430 | K70: 47410 | L70: 8565 | M70: 2285 | N70: 0 | P70: كريمه هانى | R70: رحاب عبد الهادى احمد بدوى | S70: 54 | T70: محمود النادى أبو الحسن احمد | U70: 31
A71: 1000438101 | B71: 27202012103071 | C71: 1 | D71: اسامه محمود احمد عنيبه | E71: 10004381 | F71: Bucket 5 | G71: Bucket 5 | H71: Active | I71: Qima | J71: 37305 | K71: 67885 | L71: 11335 | M71: 2175 | N71: 0 | P71: ياسمين محمد رشاد الشحات | Q71: 732 | R71: رحاب عبد الهادى احمد بدوى | S71: 54 | T71: محمود النادى أبو الحسن احمد | U71: 31
A72: 1000358902 | B72: 28411250100456 | C72: 2 | D72: محمد عطيه امين محمد عطا | E72: 10003589 | F72: Charged-off | G72: Charged-off | H72: W.O | I72: Qima | J72: 36870 | K72: 61533 | L72: 24013 | M72: 2680 | N72: 0 | P72: ياسمين محمد رشاد الشحات | Q72: 732 | R72: رحاب عبد الهادى احمد بدوى | S72: 54 | T72: محمود النادى أبو الحسن احمد | U72: 31
A73: 1000441701 | B73: 27202091201775 | C73: 1 | D73: محمد لطفى محمد سعد جندى | E73: 10004417 | F73: Charged-off | G73: Charged-off | H73: W.O | I73: Qima | J73: 36870 | K73: 61533 | L73: 24013 | M73: 2680 | N73: 0 | P73: مريم جابر إسماعيل | Q73: 772 | R73: رحاب عبد الهادى احمد بدوى | S73: 54 | T73: محمود النادى أبو الحسن احمد | U73: 31
A74: 1000204901 | B74: 27507051401602 | C74: 1 | D74: جيهان محمد علي عبدالرازق | E74: 10002049 | F74: Charged-off | G74: Charged-off | H74: W.O | I74: Qima | J74: 36695 | K74: 67139 | L74: 17114 | M74: 2175 | N74: 0 | P74: سلمي يونس محمد | Q74: 763 | R74: رحاب عبد الهادى احمد بدوى | S74: 54 | T74: محمود النادى أبو الحسن احمد | U74: 31
A75: 1000753301 | B75: 27111290200651 | C75: 1 | D75: محمد مرسي محمد مرسي | E75: 10007533 | F75: Bucket 5 | G75: Bucket 5 | H75: Active | I75: Qima | J75: 36675 | K75: 54632 | L75: 13592 | M75: 2565 | N75: 0 | P75: كريمه هانى | R75: رحاب عبد الهادى احمد بدوى | S75: 54 | T75: محمود النادى أبو الحسن احمد | U75: 31
A76: 1000089801 | B76: 28309270101671 | C76: 1 | D76: محمد رافت محمد حسن | E76: 10000898 | F76: Charged-off | G76: Charged-off | H76: W.O | I76: Qima | J76: 36060 | K76: 67339 | L76: 19489 | M76: 2175 | N76: 0 | P76: ياسمين محمد رشاد الشحات | Q76: 732 | R76: رحاب عبد الهادى احمد بدوى | S76: 54 | T76: محمود النادى أبو الحسن احمد | U76: 31
A77: 1000195301 | B77: 28609022600494 | C77: 1 | D77: احمد طارق سريا محمود محمدين | E77: 10001953 | F77: Bucket 5 | G77: Bucket 5 | H77: Active | I77: Qima | J77: 36060 | K77: 65160 | L77: 12960 | M77: 2175 | N77: 2500 | O77: 45960 | P77: مريم جابر إسماعيل | Q77: 772 | R77: رحاب عبد الهادى احمد بدوى | S77: 54 | T77: محمود النادى أبو الحسن احمد | U77: 31
A78: 1000305501 | B78: 27009260103716 | C78: 2 | D78: محمد فوزي احمد سيد | E78: 10003055 | F78: Bucket 3 | G78: Bucket 3 | H78: Active | I78: Qima | J78: 35400 | K78: 61814 | L78: 7439 | M78: 2175 | N78: 0 | P78: سلمي يونس محمد | Q78: 763 | R78: رحاب عبد الهادى احمد بدوى | S78: 54 | T78: محمود النادى أبو الحسن احمد | U78: 31
A79: 1000305502 | B79: 27009260103716 | C79: 2 | D79: محمد فوزي احمد سيد | E79: 10003055 | F79: Bucket 3 | G79: Bucket 3 | H79: Active | I79: Qima | J79: 35400 | K79: 61814 | L79: 7439 | M79: 2175 | N79: 0 | P79: سلمي يونس محمد | Q79: 763 | R79: رحاب عبد الهادى احمد بدوى | S79: 54 | T79: محمود النادى أبو الحسن احمد | U79: 31
A80: 1000182501 | B80: 28109152301038 | C80: 1 | D80: حسام الدين حمدى ضيف الله عبدالجليل | E80: 10001825 | F80: Bucket 5 | G80: Bucket 5 | H80: Active | I80: Qima | J80: 35400 | K80: 61968 | L80: 11943 | M80: 2175 | N80: 1200 | O80: 45949 | P80: سلمي يونس محمد | Q80: 763 | R80: رحاب عبد الهادى احمد بدوى | S80: 54 | T80: محمود النادى أبو الحسن احمد | U80: 31
A81: 1000254701 | B81: 28406161802214 | C81: 1 | D81: محمد حمدان سعد النيدانى | E81: 10002547 | F81: Bucket 4 | G81: Bucket 4 | H81: Active | I81: Qima | J81: 35400 | K81: 61677 | L81: 9477 | M81: 2175 | N81: 0 | P81: كريمه هانى | R81: رحاب عبد الهادى احمد بدوى | S81: 54 | T81: محمود النادى أبو الحسن احمد | U81: 31
A82: 1000119601 | B82: 28104140201419 | C82: 1 | D82: محمد همام فريد همام | E82: 10001196 | F82: Bucket 4 | G82: Bucket 4 | H82: Active | I82: Qima | J82: 34710 | K82: 60248 | L82: 10223 | M82: 2175 | N82: 0 | P82: ياسمين محمد رشاد الشحات | Q82: 732 | R82: رحاب عبد الهادى احمد بدوى | S82: 54 | T82: محمود النادى أبو الحسن احمد | U82: 31
A83: 1000220201 | B83: 29003120201741 | C83: 1 | D83: هبه غريب محمود حسين | E83: 10002202 | F83: Bucket 3 | G83: Bucket 3 | H83: Active | I83: Qima | J83: 34710 | K83: 59638 | L83: 7438 | M83: 2175 | N83: 0 | P83: مريم جابر إسماعيل | Q83: 772 | R83: رحاب عبد الهادى احمد بدوى | S83: 54 | T83: محمود النادى أبو الحسن احمد | U83: 31
A84: 1000303301 | B84: 28912298800131 | C84: 1 | D84: احمد ابو العلا محمد ابو العلا | E84: 10003033 | F84: Bucket 6 | G84: Bucket 6 | H84: Active | I84: Qima | J84: 34560 | K84: 54860 | L84: 20020 | M84: 2680 | N84: 0 | P84: سلمي يونس محمد | Q84: 763 | R84: رحاب عبد الهادى احمد بدوى | S84: 54 | T84: محمود النادى أبو الحسن احمد | U84: 31
A85: 1000032305 | B85: 28204072102509 | C85: 5 | D85: شيماء محمد علي محمد الصوابي | E85: 10000323 | F85: Charged-off | G85: Charged-off | H85: W.O | I85: Qima | J85: 33760 | K85: 52984 | L85: 26434 | M85: 2950 | N85: 0 | P85: مريم جابر إسماعيل | Q85: 772 | R85: رحاب عبد الهادى احمد بدوى | S85: 54 | T85: محمود النادى أبو الحسن احمد | U85: 31
A86: 1000474001 | B86: 29212191700925 | C86: 1 | D86: دينا السيد نوح زيد | E86: 10004740 | F86: Bucket 4 | G86: Bucket 3 | H86: Active | I86: Qima | J86: 33714 | K86: 40928 | L86: 23145 | M86: 5930 | N86: 4000 | O86: 45956 | P86: كريمه هانى | R86: رحاب عبد الهادى احمد بدوى | S86: 54 | T86: محمود النادى أبو الحسن احمد | U86: 31
A87: 1000867901 | B87: 28012210101075 | C87: 2 | D87: هاني فتحي سعيد احمد عبدالوهاب | E87: 10008679 | F87: Bucket 5 | G87: Bucket 5 | H87: Active | I87: Qima | J87: 33673.54 | K87: 56321.54 | L87: 10646.54 | M87: 2175 | N87: 2000 | O87: 45932 | P87: مريم جابر إسماعيل | Q87: 772 | R87: رحاب عبد الهادى احمد بدوى | S87: 54 | T87: محمود النادى أبو الحسن احمد | U87: 31
A88: 1000411901 | B88: 29202070101727 | C88: 1 | D88: ساره محمد عبد العظيم محمد | E88: 10004119 | F88: Bucket 4 | G88: Bucket 3 | H88: Active | I88: Qima | J88: 33330 | K88: 50116 | L88: 12596 | M88: 2680 | N88: 3480 | O88: 45961 | P88: ياسمين محمد رشاد الشحات | Q88: 732 | R88: رحاب عبد الهادى احمد بدوى | S88: 54 | T88: محمود النادى أبو الحسن احمد | U88: 31
A89: 1000628703 | B89: 28211221403459 | C89: 3 | D89: وائل رمضان عبدالصادق محي العزب | E89: 10006287 | F89: Charged-off | G89: Charged-off | H89: W.O | I89: Qima | J89: 32940 | K89: 49574 | L89: 29474 | M89: 3350 | N89: 0 | P89: ياسمين محمد رشاد الشحات | Q89: 732 | R89: رحاب عبد الهادى احمد بدوى | S89: 54 | T89: محمود النادى أبو الحسن احمد | U89: 31
A90: 1000288701 | B90: 26511041300089 | C90: 1 | D90: أمال رمضان على على | E90: 10002887 | F90: Charged-off | G90: Charged-off | H90: W.O | I90: Qima | J90: 32804 | K90: 43469 | L90: 38399 | M90: 5070 | N90: 0 | P90: سلمي يونس محمد | Q90: 763 | R90: رحاب عبد الهادى احمد بدوى | S90: 54 | T90: محمود النادى أبو الحسن احمد | U90: 31
A91: 1000751201 | B91: 28010231601148 | C91: 1 | D91: رحاب عقل يوسف ابراهيم | E91: 10007512 | F91: Bucket 6 | G91: Bucket 4 | H91: Active | I91: Qima | J91: 32475 | K91: 54035 | L91: 14885 | M91: 2175 | N91: 5000 | O91: 45939 | P91: مريم جابر إسماعيل | Q91: 772 | R91: رحاب عبد الهادى احمد بدوى | S91: 54 | T91: محمود النادى أبو الحسن احمد | U91: 31
A92: 1000348502 | B92: 27904150202335 | C92: 2 | D92: محمد مصطفى مختار شحاته | E92: 10003485 | F92: Bucket 3 | G92: Current | H92: Active | I92: Qima | J92: 32115 | K92: 57951 | L92: 6515 | M92: 1905 | N92: 6515 | O92: 45944 | P92: ياسمين محمد رشاد الشحات | Q92: 732 | R92: رحاب عبد الهادى احمد بدوى | S92: 54 | T92: محمود النادى أبو الحسن احمد | U92: 31
A93: 1000123001 | B93: 28902162600698 | C93: 1 | D93: زكريا محمد زكريا احمد | E93: 10001230 | F93: Bucket 3 | G93: Bucket 3 | H93: Active | I93: Qima | J93: 32025 | K93: 47250 | L93: 6220 | M93: 1865 | N93: 0 | P93: كريمه هانى | R93: رحاب عبد الهادى احمد بدوى | S93: 54 | T93: محمود النادى أبو الحسن احمد | U93: 31
A94: 1000440001 | B94: 27601051600563 | C94: 1 | D94: فاطمه فتحي السيد عماره | E94: 10004400 | F94: Bucket 4 | G94: Current | H94: Active | I94: Qima | J94: 31732 | K94: 56217 | L94: 6687 | M94: 1905 | N94: 6687 | O94: 45946 | P94: ياسمين محمد رشاد الشحات | Q94: 732 | R94: رحاب عبد الهادى احمد بدوى | S94: 54 | T94: محمود النادى أبو الحسن احمد | U94: 31
A95: 1000420801 | B95: 28010011809406 | C95: 1 | D95: الهام احمد محمد محمد سالم | E95: 10004208 | F95: Bucket 6 | G95: Bucket 6 | H95: Active | I95: Qima | J95: 31275 | K95: 48522 | L95: 15692 | M95: 2345 | N95: 1000 | O95: 45955 | P95: مريم جابر إسماعيل | Q95: 772 | R95: رحاب عبد الهادى احمد بدوى | S95: 54 | T95: محمود النادى أبو الحسن احمد | U95: 31
A96: 1000716001 | B96: 28905292101633 | C96: 1 | D96: عماد حمدي احمد الزهري | E96: 10007160 | F96: Bucket 6 | G96: Bucket 4 | H96: Active | I96: Qima | J96: 30971 | K96: 48020 | L96: 13170 | M96: 2050 | N96: 5000 | O96: 45945 | P96: سلمي يونس محمد | Q96: 763 | R96: رحاب عبد الهادى احمد بدوى | S96: 54 | T96: محمود النادى أبو الحسن احمد | U96: 31
A97: 1000088901 | B97: 28708081305046 | C97: 1 | D97: لبنى كامل السيد أحمد السيد | E97: 10000889 | F97: Bucket 5 | G97: Bucket 5 | H97: Active | I97: Qima | J97: 30380 | K97: 53401 | L97: 11491 | M97: 1905 | N97: 0 | P97: كريمه هانى | R97: رحاب عبد الهادى احمد بدوى | S97: 54 | T97: محمود النادى أبو الحسن احمد | U97: 31
A98: 1000122701 | B98: 28608050102819 | C98: 1 | D98: محمود علي عبدالرحيم ابو دهب | E98: 10001227 | F98: Bucket 5 | G98: Bucket 3 | H98: Active | I98: Qima | J98: 30380 | K98: 52347.5 | L98: 10437.5 | M98: 1905 | N98: 5438 | O98: 45949 | P98: ياسمين محمد رشاد الشحات | Q98: 732 | R98: رحاب عبد الهادى احمد بدوى | S98: 54 | T98: محمود النادى أبو الحسن احمد | U98: 31
A99: 1000104802 | B99: 28709250202207 | C99: 2 | D99: رانيا جمعه محمد سيد احمد الشريف | E99: 10001048 | F99: Bucket 5 | G99: Bucket 5 | H99: Active | I99: Qima | J99: 29775 | K99: 41358 | L99: 41358 | M99: 10770 | N99: 0 | P99: ياسمين محمد رشاد الشحات | Q99: 732 | R99: رحاب عبد الهادى احمد بدوى | S99: 54 | T99: محمود النادى أبو الحسن احمد | U99: 31
A100: 1000517601 | B100: 27209111300257 | C100: 1 | D100: زكي ابراهيم توفيق عبد الله العوامري | E100: 10005176 | F100: Bucket 5 | G100: Bucket 5 | H100: Active | I100: Qima | J100: 29755 | K100: 51530 | L100: 11525 | M100: 1905 | N100: 0 | P100: مريم جابر إسماعيل | Q100: 772 | R100: رحاب عبد الهادى احمد بدوى | S100: 54 | T100: محمود النادى أبو الحسن احمد | U100: 31
...

Sheet Comm
A1: Collected | B1: 0 | C1: 1 | D1: 2 | E1: 3 | F1: 4 | G1: 5 | H1: 6 | I1: Charged-off | J1: Grand Total | L1: Qima | M1: Partial | N1: 1 inst | O1: 2 inst | P1: 3 inst | Q1: 4 inst | R1: 5 inst | S1: 6 inst | T1: Collected amount | U1: Total Comm
A2: Bucket 1 | L2: Bucket 1 | M2: 0 | N2: 0 | U2: =SUM(M2:T2) -> 0 | V2: =SUM(U2:U8) -> 55121.63
A3: Bucket 2 | B3: 6000 | C3: 1966 | D3: 11984 | J3: 19950 | L3: Bucket 2 | M3: 300 | N3: 137.62 | O3: 1078.56 | U3: =SUM(M3:T3) -> 1516.18
A4: Bucket 3 | B4: 0 | C4: 33024 | D4: 15760 | E4: 97250 | J4: 146034 | L4: Bucket 3 | M4: 0 | N4: 2311.68 | O4: 1418.4 | P4: 9725 | U4: =SUM(M4:T4) -> 13455.08
A5: Bucket 4 | B5: 914 | C5: 30172 | D5: 76903 | E5: 6032 | F5: 38289 | J5: 152310 | L5: Bucket 4 | M5: 45.7 | N5: 2112.04 | O5: 6152.24 | P5: 603.2 | Q5: 4211.79 | U5: =SUM(M5:T5) -> 13124.97
A6: Bucket 5 | B6: 9559 | C6: 15346 | D6: 6938 | E6: 33694 | G6: 28222 | J6: 93759 | L6: Bucket 5 | M6: 477.95 | N6: 1074.22 | O6: 555.04 | P6: 3032.46 | Q6: 0 | R6: 3951.08 | U6: =SUM(M6:T6) -> 9090.75
A7: Bucket 6 | B7: 1000 | C7: 15349 | D7: 37200 | E7: 8000 | H7: 50581 | J7: 112130 | L7: Bucket 6 | M7: 50 | N7: 1074.43 | O7: 2976 | P7: 720 | Q7: 0 | R7: 0 | S7: 7081.34 | U7: =SUM(M7:T7) -> 11901.77
A8: Charged-off | I8: 33516 | J8: 33516 | L8: Charged-Off | M8: 0 | N8: 0 | O8: 0 | P8: 0 | Q8: 0 | R8: 0 | S8: 0 | T8: 6032.88 | U8: =SUM(M8:T8) -> 6032.88
A9: Total Collected Amount | J9: =SUM(J3:J8) -> 557699
M11: Partial | N11: 1 inst | O11: 2 inst | P11: 3 inst | Q11: 4 inst | R11: 5 inst | S11: 6 inst | T11: Collected amount
L12: B1 | M12: 0.05 | N12: 0.08
L13: B2 | M13: 0.05 | N13: 0.07 | O13: 0.09
L14: B3 | M14: 0.05 | N14: 0.07 | O14: 0.09 | P14: 0.1
L15: B4 | M15: 0.05 | N15: 0.07 | O15: 0.08 | P15: 0.1 | Q15: 0.11
L16: B5 | M16: 0.05 | N16: 0.07 | O16: 0.08 | P16: 0.09 | Q16: 0.12 | R16: 0.14
L17: B6 | M17: 0.05 | N17: 0.07 | O17: 0.08 | P17: 0.09 | Q17: 0.1 | R17: 0.12 | S17: 0.14
L18: Charged-Off | T18: 0.18

Sheet Piv
B1: وسيلة | C1: 45931
A3: head | B3: s.v | C3: Type | D3: collector | E3: Sum of Agency Payment
A4: محمود النادى أبو الحسن احمد | B4: رحاب عبد الهادى احمد بدوى | C4: Active | D4: سلمي يونس محمد | E4: 72942
D5: كريمه هانى | E5: 81238
D6: مريم جابر إسماعيل | E6: 132695
D7: ياسمين محمد رشاد الشحات | E7: 237308
C8: Active Total | E8: 524183
C9: W.O | D9: سلمي يونس محمد | E9: 7201
D10: كريمه هانى | E10: 1000
D11: مريم جابر إسماعيل | E11: 18500
D12: ياسمين محمد رشاد الشحات | E12: 6815
C13: W.O Total | E13: 33516
B14: رحاب عبد الهادى احمد بدوى Total | E14: 557699
A15: محمود النادى أبو الحسن احمد Total | E15: 557699
A16: Grand Total | E16: 557699
A19: يعتمد | B19: إدارة التحصيل | E19: الإدارة المالية

Sheet العمولة
B1: وسيلة | C1: 45931
A3: head | B3: s.v | C3: Type | D3: collector | E3: Sum of Agency Payment | F3: Rate | G3: العمولة | N3: No
A4: محمود النادى أبو الحسن احمد | B4: رحاب عبد الهادى احمد بدوى | C4: Active | D4: سلمي يونس محمد | E4: 72942 | F4: 0.01 | G4: {=F4:F13*E4:E13} -> 729.42 | L4: Tele | M4: Active | N4: 0.01
D5: كريمه هانى | E5: 81238 | F5: 0.015 | G5: 1218.57 | M5: w/O | N5: 0.015
D6: مريم جابر إسماعيل | E6: 132695 | F6: 0.01 | G6: 1326.95
D7: ياسمين محمد رشاد الشحات | E7: 237308 | F7: 0.01 | G7: 2373.08 | N7: No
C8: Active Total | E8: 524183 | F8: 0.005 | G8: 2620.915 | L8: collector | M8: Active | N8: 0.015
C9: W.O | D9: سلمي يونس محمد | E9: 7201 | F9: 0.015 | G9: 108.015 | M9: w/O | N9: 0.02
D10: كريمه هانى | E10: 1000 | F10: 0.02 | G10: 20
D11: مريم جابر إسماعيل | E11: 18500 | F11: 0.015 | G11: 277.5 | N11: No
D12: ياسمين محمد رشاد الشحات | E12: 6815 | F12: 0.015 | G12: 102.225 | L12: عقود انتاج | M12: collector | N12: 0.02
C13: W.O Total | E13: 33516 | F13: 0.0075 | G13: 251.37 | M13: Tele | N13: 0.015
B14: رحاب عبد الهادى احمد بدوى Total | E14: 557699
A15: محمود النادى أبو الحسن احمد Total | E15: 557699 | N15: No
A16: Grand Total | E16: 557699 | G16: =SUM(G4:G15) -> 9028.045 | L16: S.V | M16: Active | N16: 0.005
M17: w/O | N17: 0.0075
D18: Active | E18: 524183 | F18: 0.0025 | G18: {=+E18:E19*F18:F19} -> 1310.4575
D19: W.O | E19: 33516 | F19: 0.0025 | G19: 83.79
A20: محمود النادى أبو الحسن احمد | G20: =SUM(_xlfn.ANCHORARRAY(G18)) -> 1394.2475
G21: =G20+G16 -> 10422.292
A24: يعتمد | B24: إدارة التحصيل | E24: الإدارة المالية | N24: No
L25: Head | M25: Active | N25: 0.0025
M26: w/O

Sheet ورقة1
A1: الكود | B1: الاسم | C1: عمولات وسيلة
A2: 2 | B2: علاء محمد عوض جاد الله | C2: =SUMIF(العمولة!$D$3:$D$13,ورقة1!B2,العمولة!$G$3:$G$14) -> 0
A3: 4 | B3: وليد عبد الكريم عبد العليم | C3: =SUMIF(العمولة!$D$3:$D$13,ورقة1!B3,العمولة!$G$3:$G$14) -> 0
A4: 5 | B4: باسم صلاح عبد الله قوشتى | C4: =SUMIF(العمولة!$D$3:$D$13,ورقة1!B4,العمولة!$G$3:$G$14) -> 0
A5: 9 | B5: عمرو عصام بدر الدين زكي | C5: =SUMIF(العمولة!$D$3:$D$13,ورقة1!B5,العمولة!$G$3:$G$14) -> 0
A6: 10 | B6: عبد المنعم مجدى عبدربه محمد هلهل | C6: =SUMIF(العمولة!$D$3:$D$13,ورقة1!B6,العمولة!$G$3:$G$14) -> 0
A7: 19 | B7: سحر اوسامة احمد محمد | C7: =SUMIF(العمولة!$D$3:$D$13,ورقة1!B7,العمولة!$G$3:$G$14) -> 0
A8: 20 | B8: عبد العزيز صلاح عبد العزيز على حسن | C8: =SUMIF(العمولة!$D$3:$D$13,ورقة1!B8,العمولة!$G$3:$G$14) -> 0
A9: 31 | B9: محمود النادى أبو الحسن احمد | C9: =العمولة!G20 -> 1394.2475
A10: 35 | B10: رحمة مصطفى خلف الله حسانين | C10: =SUMIF(العمولة!$D$3:$D$13,ورقة1!B10,العمولة!$G$3:$G$14) -> 0
A11: 45 | B11: محمد مجدى ربيع عبد الغنى جاد | C11: =SUMIF(العمولة!$D$3:$D$13,ورقة1!B11,العمولة!$G$3:$G$14) -> 0
A12: 54 | B12: رحاب عبد الهادى احمد بدوى | C12: =العمولة!G13+العمولة!G8 -> 2872.285
A13: 60 | B13: مروة مصطفى على جاد | C13: =SUMIF(العمولة!$D$3:$D$13,ورقة1!B13,العمولة!$G$3:$G$14) -> 0
A14: 62 | B14: محمد مجدى السيد عبد الدايم | C14: =SUMIF(العمولة!$D$3:$D$13,ورقة1!B14,العمولة!$G$3:$G$14) -> 0
A15: 64 | B15: تريز سامى رزق شحاته | C15: =SUMIF(العمولة!$D$3:$D$13,ورقة1!B15,العمولة!$G$3:$G$14) -> 0
A16: 71 | B16: ندى محمد سعد محمد | C16: =SUMIF(العمولة!$D$3:$D$13,ورقة1!B16,العمولة!$G$3:$G$14) -> 0
A17: 83 | B17: حبيبه احمد سلطان منصور عويس | C17: =SUMIF(العمولة!$D$3:$D$13,ورقة1!B17,العمولة!$G$3:$G$14) -> 0
A18: 97 | B18: ندى محمد محمود عبد المقصود | C18: =SUMIF(العمولة!$D$3:$D$13,ورقة1!B18,العمولة!$G$3:$G$14) -> 0
A19: 119 | B19: مصطفى جميل عبد الفتاح محمد شاهين | C19: =SUMIF(العمولة!$D$3:$D$13,ورقة1!B19,العمولة!$G$3:$G$14) -> 0
A20: 125 | B20: زينب محمود محمد محمود صالح | C20: =SUMIF(العمولة!$D$3:$D$13,ورقة1!B20,العمولة!$G$3:$G$14) -> 0
A21: 129 | B21: نانسى يوسف عزيز يوسف | C21: =SUMIF(العمولة!$D$3:$D$13,ورقة1!B21,العمولة!$G$3:$G$14) -> 0
A22: 131 | B22: امانى طارق إبراهيم عبد الحميد | C22: =SUMIF(العمولة!$D$3:$D$13,ورقة1!B22,العمولة!$G$3:$G$14) -> 0
A23: 133 | B23: نادين عماد منصور محمد | C23: =SUMIF(العمولة!$D$3:$D$13,ورقة1!B23,العمولة!$G$3:$G$14) -> 0
A24: 136 | B24: بهاء محمد السيد صالح أبو حسين | C24: =SUMIF(العمولة!$D$3:$D$13,ورقة1!B24,العمولة!$G$3:$G$14) -> 0
... A187: 4444 | B187: Manar Ahmed | C187: =SUMIF(العمولة!$D$3:$D$13,ورقة1!B187,العمولة!$G$3:$G$14) -> 0
A188: الإجمالي | C188: =SUM(C2:C187) -> 10422.292
